fullname,username,password,email
johnny,johnny,123456,johnny@email.com
justin,justin,123456,justin@email.com
barry,barry,123456,barry@email.com
jessie,jessie,123456,jessie@email.com
ummul,ummul,123456,ummul@email.com
benjamin,benjamin,123456,benjamin@email.com
luis,luis,123456,luis@email.com
zeyu,zeyu,123456,zeyu@email.com
keanonn,keanonn,123456,keanonn@email.com
chiuling,chiuling,123456,chiuling@email.com
gokul,gokul,123456,gokul@email.com
balaji,balaji,123456,balaji@email.com
siddharth,siddharth,123456,siddharth@email.com
murali,murali,123456,murali@email.com
sujit,sujit,123456,sujit@email.com
florin,florin,123456,florin@email.com
Michael Scott,michael,123456,michael@email.com
Pam Beesly ,pam,123456,pam@email.com
Jim Halpert,jim,123456,jim@email.com
Ivan Portland,ivan,123456,ivan@email.com
Tammy Elerick,tammy,123456,tammy@email.com
Paul Hadfield,paul,123456,paul@email.com
Grace Dee,grace,123456,grace@email.com
George Barber,george,123456,george@email.com
Angela Johnston,angela,123456,angela@email.com
Jamie Gardner,jamie,123456,jamie@email.com
Becky Desborough,becky,123456,becky@email.com
Aaron Halsall,aaron,123456,aaron@email.com
Hilary Newbry,hilary,123456,hilary@email.com
Tyler Moran,tyler,123456,tyler@email.com
Jane Oakey,jane,123456,jane@email.com
John Sadler,john,123456,john@email.com
Jill Nesbitt,jill,123456,jill@email.com
Andrew Tarbuck,andrew,123456,andrew@email.com
Marilyn Collins,marilyn,123456,marilyn@email.com
Gordon Richmond,gordon,123456,gordon@email.com
Judy Patterson,judy,123456,judy@email.com
Geoffrey Roth,geoffrey,123456,geoffrey@email.com
Emily Morris,emily,123456,emily@email.com
Jerry Austin,jerry,123456,jerry@email.com
Jack Hancock,jack,123456,jack@email.com
Linda Armstrong,linda,123456,linda@email.com
Deborah Poole,deborah,123456,deborah@email.com
Margaret Jackson,margaret,123456,margaret@email.com
Lloyd Williamson,lloyd,123456,lloyd@email.com
Patricia Goodall,patricia,123456,patricia@email.com
Scott Tanner,scott,123456,scott@email.com
Wendy Ainsley,wendy,123456,wendy@email.com
Kurt Finley,kurt,123456,kurt@email.com
Anna Wakeman,anna,123456,anna@email.com
Adele Yeager,adele,123456,adele@email.com
Darryl James,darryl,123456,darryl@email.com
Eleanor Folkes,eleanor,123456,eleanor@email.com
Timothy Sampson,timothy,123456,timothy@email.com
Lydia Tasker,lydia,123456,lydia@email.com
Jeffrey Oldfield,jeffrey,123456,jeffrey@email.com
Elizabeth Myers,elizabeth,123456,elizabeth@luxoft.com
Reginald Grange,reginald,123456,reginald@luxoft.com
Katie Verne,katie,123456,katie@luxoft.com
Patrick Hackman,patrick,123456,patrick@luxoft.com
Noreen Nixon,noreen,123456,noreen@luxoft.com
Alison Wyatt,alison,123456,alison@luxoft.com
Gary Nightingale,gary,123456,gary@luxoft.com
Isabelle Curtis,isabelle,123456,isabelle@luxoft.com
Rita Dreyfus,rita,123456,rita@luxoft.com
Janet Elsworth,janet,123456,janet@luxoft.com
Anthony Bradshaw,anthony,123456,anthony@luxoft.com
Robert Kirby,robert,123456,robert@luxoft.com
Hayley Murphy,hayley,123456,hayley@luxoft.com
Desmond Potter,desmond,123456,desmond@luxoft.com
Susan Taggart,susan,123456,susan@luxoft.com
Albert Tattershall,albert,123456,albert@luxoft.com
Phillip Nesbitt,phillip,123456,phillip@luxoft.com
Clifford Bainbridge,clifford,123456,clifford@luxoft.com
Charles McBride,charles,123456,charles@luxoft.com
Mary Marsh,mary,123456,mary@luxoft.com
Glen Wardman,glen,123456,glen@luxoft.com
Karen Wakeman,karen,123456,karen@luxoft.com
Zelda Palmer,zelda,123456,zelda@luxoft.com
Kim Mack,kim,123456,kim@luxoft.com
Cheryl Gardner,cheryl,123456,cheryl@luxoft.com
Stanley Croner,stanley,123456,stanley@luxoft.com
Sharon Gibbs,sharon,123456,sharon@luxoft.com
Alice Hadden,alice,123456,alice@luxoft.com
Brendan Barnett,brendan,123456,brendan@luxoft.com
Derek Nesbitt,derek,123456,derek@luxoft.com
Jennifer Barnett,jennifer,123456,jennifer@luxoft.com
Bethany Jackson,bethany,123456,bethany@luxoft.com
Donald Fitzgerald,donald,123456,donald@luxoft.com
Julian Oswald,julian,123456,julian@luxoft.com
Lucy Dreyfus,lucy,123456,lucy@luxoft.com
